dimension,grupo,n,rmse,mae,sesgo_medio,r2,sd_real,rmse_ic_inferior,rmse_ic_superior,sesgo_ic_inferior,sesgo_ic_superior,sesgo_relativo_ic_inferior,sesgo_relativo_ic_superior,concluyente,sesgo_significativo,sesgo_especifico
sexo,Femenino,1758,40.48223231895579,32.37371252241648,-2.2654173160357867,0.24945358727862788,46.741132491508026,39.14175382809025,41.73595288009792,-4.426257492571112,-0.06549153287226915,-1.2675773815349172,1.50156714476482,True,True,False
sexo,Masculino,1751,41.575063342289944,33.663408191343294,-2.4946158844831365,0.2509015053570539,48.04934879260071,39.7592104343264,43.11414077077469,-4.502533579160529,-0.5081730449621442,-1.5084642991241535,1.2722036967983852,True,True,False
estrato,1,780,41.76812320318147,33.318288470387685,-1.7549110763101423,0.11189891019993237,44.349868070458655,39.874113821798424,43.48549481696146,-5.033744672227282,1.3322468022569829,-1.9084505372777247,2.9194488547814035,True,False,False
estrato,2,774,42.364991905840306,33.88998957057507,-1.497047822610396,0.10189824854335783,44.73269764533157,39.70658941517777,44.46312218597381,-3.7188193730708945,0.7346120455169813,-1.446454610573783,3.2137374864568358,True,False,False
estrato,3,765,41.758603912575346,33.6881408484292,-2.149828423399672,0.10200231432475448,44.09531002131852,39.91095364743007,43.73367460516486,-4.880188797122566,0.8871485108598429,-2.057285808775568,2.540605715135888,True,False,False
estrato,4,493,40.071542973016086,32.402317694872806,-3.44106768265466,0.08988478764139629,42.04639703493966,37.55068070074371,42.57671459269437,-7.843483906963564,1.1085265663265198,-4.855793918735538,2.5930266729643483,True,False,False
estrato,5,418,39.81924865461123,32.24314166560663,-1.1007633841335924,0.17139702709048,43.79655301576058,36.89625207606104,42.84923649626269,-4.833475211981453,2.943818986811781,-2.281462086588306,4.7469087788702575,True,False,False
estrato,6,279,36.381294105001395,30.161626645442958,-7.247118978785628,0.04581595868743993,37.31141954298756,32.6494325083547,39.784882676407236,-11.59779428536873,-3.504675797687869,-9.257860362636185,-0.7305376019939196,True,True,True
zona,Rural,1835,42.58516416140228,34.39067007805631,-1.9953799395914702,0.21754761198598416,48.15570376754937,41.226250872575676,44.08010462540563,-3.8688028178090237,-0.14205769493273648,-1.1460231249457273,1.9993845346868357,True,True,False
zona,Urbana,1674,39.25716480103635,31.511788986987433,-2.8011671840923174,0.21267821558782618,44.2560402517738,37.875453293875836,40.49846074582983,-5.457964167026547,-0.07496678292208095,-2.2421310321590346,1.2992450241170674,True,True,False
naturaleza_colegio,Privada,1850,40.244568893486985,32.42345926266267,-2.8031394820547684,0.2125146797486056,45.36317617590601,39.22890689109854,41.161585639175065,-5.457745514779624,-0.15849940499584356,-2.00267325737139,1.0797955854670218,True,True,False
naturaleza_colegio,Pública,1659,41.89097130005566,33.67945432279949,-1.907696210680871,0.20447408806720502,46.981209700016905,39.33750866299832,43.850980740700535,-3.4690569886098523,-0.37808597249454245,-1.0275378762589449,2.1825831298383127,True,True,False
modelo_pedagogico,Aprendizaje basado en proyectos,884,41.561287364018526,33.034089012503586,-1.1906413005387173,0.22800272271948574,47.328951973294465,38.66149961773064,44.70879774407037,-4.397935058179272,2.084763995095438,-1.749094485183796,4.116616828755368,True,False,False
modelo_pedagogico,Constructivista,888,39.637194550936755,31.98320227509527,-3.6365053359187924,0.2837994195717104,46.863017249877466,37.710789890795176,42.15697367809317,-9.360518436881136,0.8958623556913407,-5.970600270998457,2.631722480630095,True,False,False
modelo_pedagogico,Pedagogía conceptual,825,40.66601566795761,32.48326273296838,-1.501457997432787,0.2511948610211302,47.02302716593426,34.82719416474344,43.04265992206725,-4.750485216922479,0.5802899366590734,-1.494160767133235,2.9082837212856703,True,False,False
modelo_pedagogico,Tradicional,912,42.16162382124416,34.49090383269035,-3.1033218853801787,0.23149408469749955,48.12070178190519,40.979217394842884,44.782810439169154,-5.267475253879085,0.4164950100327798,-3.1224522171927065,1.866123806086819,True,False,False
nombre_colegio,ABC,128,34.82719416474342,26.972512772350903,-4.7504852169224785,0.27518065771162614,41.06829986065751,30.350416497261044,38.98839743116002,-10.205317118374328,1.42135411259983,-7.676142598487174,3.8314708872620864,True,False,False
nombre_colegio,BCD,231,44.78281043916916,36.66658699519457,0.41649501003278255,0.16880017398587688,49.22669685284191,41.18114367106341,48.491056625453744,-5.17955276397383,5.79239694887432,-2.4813055854859445,8.008627798496564,True,False,False
nombre_colegio,DEF,225,46.11707227969438,37.67985816264282,-4.646489941600992,0.15318466268118425,50.22669719492922,42.138047798811456,49.66785447618161,-10.225996133337878,1.1733143159973243,-7.5756469696626,3.4019777735284986,True,False,False
nombre_colegio,EFG,228,41.25822156325006,34.306773633725264,-4.01540789433474,0.12226037153144553,44.134899850408935,38.19127344950923,44.377285271619,-9.195684237458867,1.4134901161707387,-6.881158471742449,3.554004628087078,True,False,False
nombre_colegio,GHI,220,43.16469596159659,35.25914831966923,1.251542300860081,0.17556633268065014,47.647499027266285,39.751509554257474,46.178999325416946,-4.525396583807162,6.940969681346651,-2.11027171629553,9.149364483925504,True,False,False
nombre_colegio,HIJ,235,41.880148551098216,33.23721733675107,0.8321935750822674,0.17866744580787597,46.3099910980842,38.10683862262802,45.73737988827235,-4.601505028309052,6.039681470925035,-1.9850723453008716,8.300373060797467,True,False,False
nombre_colegio,JKL,234,43.04265992206726,34.201234521975145,-1.1686713279983747,0.11408181817388297,45.828143307897506,39.37208791547361,46.66420490354033,-6.581775115309227,4.616857358597401,-4.249904303183512,6.818534022815783,True,False,False
nombre_colegio,KLM,231,40.854957339669056,33.01752861740569,-2.128999630602847,0.20830449244548743,46.01588118560166,37.418852916640475,43.96518821008645,-7.109454148607184,2.9149942496218695,-4.627290390687415,5.007280576491138,True,False,False
nombre_colegio,MNO,224,38.51646084154398,30.104183524743007,2.5227908532845698,0.2249494042658664,43.848316591097976,34.650063513225334,42.12897677552269,-2.3367171284068586,7.6276621444937724,0.48986344081910177,9.619023940178032,True,False,True
nombre_colegio,NOP,222,40.97921739484289,32.96523136885958,-5.267475253879083,0.15496732518682932,44.679392505163584,37.58039380704082,44.29228139335162,-11.197064293182471,-0.02646530827421977,-8.72483318308863,2.353029687153449,True,True,False
nombre_colegio,PQR,241,37.74627183450275,30.303807487716607,-9.360518436881138,0.12061419020768072,40.335480693382735,34.75169452358289,40.6100634090809,-13.976287964446215,-4.712072649070833,-11.730110736836311,-2.5834202725057334,True,True,True
nombre_colegio,RST,190,37.68826955768915,29.9900080620125,-0.0007448265133545742,0.1336050759578884,40.59701912173593,33.888843579949494,41.462191414785764,-5.355416724754546,5.372810694441188,-2.751843263035736,7.645368959735477,True,False,False
nombre_colegio,STU,232,40.99906050684017,33.25893159946164,0.5802899366590742,0.1785721306318102,45.33432886168388,37.62638562316248,44.53440894639634,-4.645669277496027,5.691391720048351,-1.8508889477033394,8.069228745146692,True,False,False
nombre_colegio,VWX,237,39.618000080327455,32.24789811660461,-5.268057317127485,0.21097658878058057,44.69570329315687,36.46026976938689,42.590829847524006,-10.341951385079557,-0.34880936308400234,-8.007423134820435,1.8577131973463314,True,True,False
nombre_colegio,XYZ,200,38.98442840190223,30.850417083898,-3.8386865704803963,0.1856813275828748,43.309426596998534,35.06518631647422,42.328226300126566,-8.966833857526861,1.2762853549024737,-6.355871236863109,3.432626037820018,True,False,False
nombre_colegio,YZA,231,41.455567056756024,33.96319024739164,-3.64306233989099,0.12806484647566763,44.49209320755583,38.085692633598974,44.862055237529546,-8.679569600433766,1.8217442295626516,-6.298586926006759,3.9954305619072765,True,False,False
periodo,I,1835,42.01329219008748,33.94693320141722,-1.8632398914774269,0.2972375151742044,50.13035709389462,39.94824785986337,43.97671411246145,-4.658723885311003,0.7354359576827457,-1.2963832252200531,2.165343065967055,True,False,False
periodo,II,1674,39.92690145043419,31.998203066218455,-2.946016042090686,0.18368220533103874,44.204423636491896,38.61102849112639,41.03393503708604,-4.40675882534468,-1.263267391959642,-2.2534896085693243,1.1011997042224773,True,True,False
naturaleza_colegio · zona,Privada · Rural,925,40.836412003551445,32.863598272734414,-2.934208124373292,0.1898087027194909,45.39297749126406,39.912577540000264,41.88014855109821,-5.267918819762936,0.832193575082272,-3.1975800393412923,2.2316148479629083,True,False,False
naturaleza_colegio · zona,Privada · Urbana,925,39.64389115010583,31.983320252590918,-2.6720708397362443,0.17022298356083276,43.544213943055254,37.74627183450275,41.258221563250075,-9.360518436881136,2.1464369050753893,-5.786290252741114,3.8816268761342068,True,False,False
naturaleza_colegio · zona,Pública · Rural,910,44.292037023821415,35.94291339665274,-1.0410765649506066,0.16174310769445943,48.403397043679206,43.071810559377546,45.668850269529315,-3.751209902455755,1.2515423008600821,-1.0491201559512582,3.8882546608649706,True,False,False
naturaleza_colegio · zona,Pública · Urbana,749,38.77424273174511,30.929457317183388,-2.9605985839980145,0.17435688919234904,42.70092214365844,35.7995659641548,41.45556705675601,-4.43822540649711,-0.0007448265133545742,-2.757699750102332,1.7474561055454019,True,True,False
sexo · estrato,Femenino · 1,390,40.809966282727686,32.261364268319554,-2.10234697374604,0.14264827935844349,44.13104657309495,38.90392120844052,42.49117576591649,-5.797971376209648,1.6569207142911597,-3.331113365530856,3.3932866126648538,True,False,False
sexo · estrato,Femenino · 2,389,42.28104393287148,33.93033465572491,-1.8764992103345606,0.11260271733583826,44.94129599673871,39.21106809921208,45.482089818567275,-6.7497334037891665,3.056694389573754,-4.372926074716774,5.808406866277611,True,False,False
sexo · estrato,Femenino · 3,383,40.31382425983232,32.03629203209868,-4.463956165786951,0.11276290438431946,42.85503538597737,37.56591599214886,43.07155303751578,-8.038737644571386,-0.613827439580236,-4.732561085992254,1.030021607483586,True,True,False
sexo · estrato,Femenino · 4,247,39.076411806834436,30.837880388541894,-1.1798586766022756,0.09330086875231991,41.12103158165845,35.25075213234206,42.29209527609467,-5.416953520520179,3.440193113193802,-2.355083371943706,4.950706246955402,True,False,False
sexo · estrato,Femenino · 5,209,41.2660970573304,33.708172229408376,0.7700500129955944,0.14332598510217143,44.691720490296355,36.70097692341021,46.310902156494926,-3.3999819765331423,5.07867913081928,-0.7613577410544001,7.480460429411585,True,False,False
sexo · estrato,Femenino · 6,140,35.914083239635985,30.00207191768976,-4.232501979348061,0.11382124658938697,38.28782849541277,31.95357156953576,39.86779861566292,-11.493099229725228,2.5855199228026158,-8.82607451147436,4.6391714572301055,True,False,False
sexo · estrato,Masculino · 1,390,42.70478759852252,34.375212672455824,-1.407475178874245,0.08171394943823773,44.62159349490617,40.426525876583035,45.06164811384,-6.513590357912935,3.203929410581057,-3.2081743326260326,5.129885966422481,True,False,False
sexo · estrato,Masculino · 2,385,42.44964345503749,33.84922531570937,-1.1136540828059809,0.09077940450229038,44.576315343581165,38.52072964028972,45.38665098007631,-4.4922878095976495,1.9360396251827854,-2.072967695279947,4.380733889795271,True,False,False
sexo · estrato,Masculino · 3,382,43.15863743078969,35.34431387632078,0.17035724501479907,0.0876744967311236,45.24410597650511,40.47776353595609,45.87174810464247,-3.58111433049988,4.431729410852245,-1.1666062032099762,6.444056074327969,True,False,False
sexo · estrato,Masculino · 4,246,41.046453268655384,33.973114502448965,-5.711468595235714,0.0816741826208498,42.92020138283358,37.85073800957834,44.20359794304925,-12.134216408408534,1.207886990307638,-9.138176387145238,3.1651447799491215,True,False,False
sexo · estrato,Masculino · 5,209,38.317807354942744,30.778111101804885,-2.9715767812627787,0.1986846731804215,42.908210292314806,34.23927130123403,41.738995793613455,-9.30673656670878,3.9164615592835856,-6.779716026683959,6.318471679298796,True,False,False
sexo · estrato,Masculino · 6,139,36.845878302769314,30.322329248935386,-10.283423870305478,-0.044331177810540856,36.1857558306288,32.571948880596636,40.615354926808656,-17.206855820876452,-3.25096872382028,-15.556198809600504,-0.38726297294815026,True,True,True
